chr	boundary_idx	parent_l1_id	boundary_w_local	boundary_w	boundary_bp	boundary_score	boundary_W	boundary_offset	right_frac_blue	left_frac_blue	right_max_z	left_max_z	right_first_red	left_first_red	right_n_finite	left_n_finite	perp_status	cross_z_W6	cross_z_W22	cross_z_W55	cross_z_W111	cross_z_W221	cross_z_W442	cross_z_W5	cross_z_W7	cross_z_W14	cross_z_W29	cross_z_W9	cross_z_W23	cross_z_W45	cross_z_W91	cross_z_W181	cross_z_W8	cross_z_W15	cross_z_W30	cross_z_W61	cross_z_W17	cross_z_W34	cross_z_W69	cross_z_W35	cross_z_W54	cross_z_W108	cross_z_W216	cross_z_W432	grow_max_z	grow_largest_W	grow_z_at_largest	grow_status	resolved_real_max	resolved_fake_min	validation_status	quad_verdict	quad_n_pass	quad_n_w_used	quad_min_homog	quad_min_drift	quadrant_rescued	quadrant_failed	quadrant_rescue_blocked_by_cap	quadrant_demoted	dedup_dropped
C_gar_LG28	C_gar_LG28_d17L2_b0001	C_gar_LG28_d17L1_0001	9	12	232115	0.918287144541578	5	5	0.6	0.375	0.626559556475318	0.680948698967867	2	7	20	8	DECAYS	-0.997002530289388																											-0.997002530289388	6	-0.997002530289388	EDGE	-0.179081123984951	0.23487527329753	EDGE	NO_NEIGHBOR_ROOM	0	0			FALSE	FALSE	FALSE	FALSE	FALSE
C_gar_LG28	C_gar_LG28_d17L2_b0002	C_gar_LG28_d17L1_0001	10	13	234184	0.918287144541578	5	5	0.55	0.444444444444444	0.757870253605114	0.441604887922066	1		20	9	DECAYS	-0.986221542374312																											-0.986221542374312	6	-0.986221542374312	EDGE	-0.179081123984951	0.23487527329753	EDGE	NO_NEIGHBOR_ROOM	0	0			FALSE	FALSE	FALSE	FALSE	FALSE
C_gar_LG28	C_gar_LG28_d17L2_b0003	C_gar_LG28_d17L1_0001	41	44	591704	1.92859569133549	5	5	1	0.25	-0.206738775402003	1.0973190768644		1	20	20	DECAYS	-1.82844039090018	-0.399047462285022																										-0.399047462285022	22	-0.399047462285022	REAL	-0.179081123984951	0.23487527329753	STABLE_BLUE	HOMOG_PASS	2	3	0.5155227734587	-0.670261222482818	FALSE	FALSE	FALSE	FALSE	FALSE
C_gar_LG28	C_gar_LG28_d17L2_b0004	C_gar_LG28_d17L1_0001	65	68	691165	1.28516971235375	5	5	0.95	0.05	0.665456120786421	1.08383300994241	1	2	20	20	DECAYS	-1.18898489198054	-0.271184555392963	0.504776470002988																									0.504776470002988	55	0.504776470002988	FAKE	-0.179081123984951	0.23487527329753	STABLE_BLUE	HOMOG_PASS	2	3	0.198284312913374	-0.506053427768731	TRUE	FALSE	FALSE	FALSE	FALSE
C_gar_LG28	C_gar_LG28_d17L2_b0005	C_gar_LG28_d17L1_0001	108	111	958222	2.09029764194687	5	5	0.55	0.2	1.11068145931579	0.920800012261161	1	4	20	20	DECAYS	-1.94456582601652	0.331618220730058	0.618236767617072																									0.618236767617072	55	0.618236767617072	FAKE	-0.179081123984951	0.23487527329753	DECAYS	NO_NEIGHBOR_ROOM	0	0			FALSE	FALSE	FALSE	FALSE	FALSE
C_gar_LG28	C_gar_LG28_d17L2_b0006	C_gar_LG28_d17L1_0001	109	112	966103	2.09029764194687	5	5	0.6	0.2	1.02049444664534	0.893290290111237	14	1	20	20	DECAYS	-2.0656474024424	0.433496916582938	0.638687906785614																									0.638687906785614	55	0.638687906785614	FAKE	-0.179081123984951	0.23487527329753	DECAYS	NO_NEIGHBOR_ROOM	0	0			FALSE	FALSE	FALSE	FALSE	FALSE
C_gar_LG28	C_gar_LG28_d17L2_b0007	C_gar_LG28_d17L1_0001	122	125	1195300	2.81251780788948	5	5	0.9	1	0.347548520582522	-0.0663388422373389			20	20	STABLE_BLUE	-2.36519829181737	0.142122229063843	0.585083945007852	0.955169505864481																								0.955169505864481	111	0.955169505864481	FAKE	-0.179081123984951	0.23487527329753	DECAYS	NO_NEIGHBOR_ROOM	0	0			FALSE	FALSE	FALSE	FALSE	FALSE
C_gar_LG28	C_gar_LG28_d17L2_b0008	C_gar_LG28_d17L1_0001	151	154	1436572	1.35442124023172	5	5	0.8	0.7	0.532192932306713	0.746428151548593	11	17	20	20	MARGINAL	-0.97010831299265	0.537643971892258	0.603863019124632	0.864262865976889																								0.864262865976889	111	0.864262865976889	FAKE	-0.179081123984951	0.23487527329753	DECAYS	NO_NEIGHBOR_ROOM	0	0			FALSE	FALSE	FALSE	FALSE	FALSE
C_gar_LG28	C_gar_LG28_d17L2_b0009	C_gar_LG28_d17L1_0001	152	155	1442109	1.35442124023172	5	5	0.8	0.9	0.750225995872055	0.275168375091172	2		20	20	DECAYS	-0.461152284831198	0.533605356497976	0.599437102964651	0.865715255278668																								0.865715255278668	111	0.865715255278668	FAKE	-0.179081123984951	0.23487527329753	DECAYS	NO_NEIGHBOR_ROOM	0	0			FALSE	FALSE	FALSE	FALSE	FALSE
C_gar_LG28	C_gar_LG28_d17L2_b0010	C_gar_LG28_d17L1_0001	159	162	1501343	1.56993584567356	5	5	1	0.9	-1.31397637421982	0.551244955601133		2	20	20	DECAYS	-0.970149480256405	0.303352441735618	0.557192703344476	0.821322726615467																								0.821322726615467	111	0.821322726615467	FAKE	-0.179081123984951	0.23487527329753	DECAYS	NO_NEIGHBOR_ROOM	0	0			FALSE	FALSE	FALSE	FALSE	FALSE
C_gar_LG28	C_gar_LG28_d17L2_b0011	C_gar_LG28_d17L1_0001	172	175	1567955	0.741077004835834	5	5	0.35	0.45	1.17009474705271	0.955851457682387	2	6	20	20	DECAYS	-0.596706604144965	0.350797865808152	0.605670654779937	0.698019093312456																								0.698019093312456	111	0.698019093312456	FAKE	-0.179081123984951	0.23487527329753	DECAYS	NO_NEIGHBOR_ROOM	0	0			FALSE	FALSE	FALSE	FALSE	FALSE
C_gar_LG28	C_gar_LG28_d17L2_b0012	C_gar_LG28_d17L1_0001	182	185	1618221	0.529232401824921	5	5	0.7	0.65	0.612121502140083	0.446557628417779	20		20	20	MARGINAL	-0.383734381991352	0.571796794716262	0.623358650520294	0.651262866976751																								0.651262866976751	111	0.651262866976751	FAKE	-0.179081123984951	0.23487527329753	DECAYS	NO_NEIGHBOR_ROOM	0	0			FALSE	FALSE	FALSE	FALSE	FALSE
C_gar_LG28	C_gar_LG28_d17L2_b0013	C_gar_LG28_d17L1_0001	202	205	1731874	1.75910072346278	5	5	0.55	0.15	1.29188669502013	0.662621214321639	15	1	20	20	DECAYS	-1.52634286300356	0.606767069181598	0.3885670842923	0.519372167101135																								0.606767069181598	111	0.519372167101135	FAKE	-0.179081123984951	0.23487527329753	DECAYS	NO_NEIGHBOR_ROOM	0	0			FALSE	FALSE	FALSE	FALSE	FALSE
C_gar_LG28	C_gar_LG28_d17L2_b0014	C_gar_LG28_d17L1_0001	211	214	1877232	1.6423905182307	5	5	1	0.9	-0.0748567441275179	0.510148396457266		3	20	20	DECAYS	-1.56979535858615	0.218987782706066	0.226797394779115	0.48871917258064																								0.48871917258064	111	0.48871917258064	FAKE	-0.179081123984951	0.23487527329753	DECAYS	NO_NEIGHBOR_ROOM	0	0			FALSE	FALSE	FALSE	FALSE	FALSE
C_gar_LG28	C_gar_LG28_d17L2_b0015	C_gar_LG28_d17L1_0001	212	215	1881150	1.6423905182307	5	5	1	0.8	-0.394398953630676	0.797821291763243		5	20	20	DECAYS	-1.56979535858615	0.0418011780387158	0.219890101287417	0.479253959802937																								0.479253959802937	111	0.479253959802937	FAKE	-0.179081123984951	0.23487527329753	DECAYS	NO_NEIGHBOR_ROOM	0	0			FALSE	FALSE	FALSE	FALSE	FALSE
C_gar_LG28	C_gar_LG28_d17L2_b0016	C_gar_LG28_d17L1_0001	227	230	1954943	0.613906140624143	5	5	0.85	0.4	0.164561212072262	1.054664172263		2	20	20	DECAYS	-0.417696566564277	-0.383395891691951	0.0313441328651151	0.445927687019244	0.992291827933232																							0.992291827933232	221	0.992291827933232	FAKE	-0.179081123984951	0.23487527329753	DECAYS	NO_NEIGHBOR_ROOM	0	0			FALSE	FALSE	FALSE	FALSE	FALSE
C_gar_LG28	C_gar_LG28_d17L2_b0017	C_gar_LG28_d17L1_0001	228	231	1958719	0.613906140624143	5	5	0.8	0.4	0.131397758249262	1.0152944490545		3	20	20	DECAYS	-0.548760001882045	-0.348885229497188	0.0209567403157331	0.452322193771821	0.991316620729134																							0.991316620729134	221	0.991316620729134	FAKE	-0.179081123984951	0.23487527329753	DECAYS	NO_NEIGHBOR_ROOM	0	0			FALSE	FALSE	FALSE	FALSE	FALSE
C_gar_LG28	C_gar_LG28_d17L2_b0018	C_gar_LG28_d17L1_0001	302	305	2584186	0.564751054394341	5	5	0.6	0.5	0.824953741439521	0.643033483451431	1	15	20	20	DECAYS	-0.267073072477098	0.0542207895876731	0.778554506337267	0.887922568565777	0.91087236701879																							0.91087236701879	221	0.91087236701879	FAKE	-0.179081123984951	0.23487527329753	DECAYS	NO_NEIGHBOR_ROOM	0	0			FALSE	FALSE	FALSE	FALSE	FALSE
C_gar_LG28	C_gar_LG28_d17L2_b0019	C_gar_LG28_d17L1_0001	314	317	2650808	2.15531450040687	5	5	0.6	0.2	1.24115772325443	0.991904812444377	19	1	20	20	DECAYS	-2.00925628650197	0.190855015968771	0.824873813055729	0.9375844346028	0.863022160586165																							0.9375844346028	221	0.863022160586165	FAKE	-0.179081123984951	0.23487527329753	DECAYS	NO_NEIGHBOR_ROOM	0	0			FALSE	FALSE	FALSE	FALSE	FALSE
C_gar_LG28	C_gar_LG28_d17L2_b0020	C_gar_LG28_d17L1_0001	315	318	2655389	2.15531450040687	5	5	0.45	0.35	1.15556999589846	1.19048165871345	1	10	20	20	DECAYS	-1.9825662804208	0.268475501250522	0.848911071935731	0.946807693808968	0.86033218136427																							0.946807693808968	221	0.86033218136427	FAKE	-0.179081123984951	0.23487527329753	DECAYS	NO_NEIGHBOR_ROOM	0	0			FALSE	FALSE	FALSE	FALSE	FALSE
C_gar_LG28	C_gar_LG28_d17L2_b0021	C_gar_LG28_d17L1_0001	326	329	2726196	1.65751787809161	5	5	0.75	0.85	0.178991938255243	0.853617773292949		7	20	20	MARGINAL	-1.50964997971492	0.222463088611343	0.894793514303585	1.01033499896646	0.806149853713482																							1.01033499896646	221	0.806149853713482	FAKE	-0.179081123984951	0.23487527329753	DECAYS	NO_NEIGHBOR_ROOM	0	0			FALSE	FALSE	FALSE	FALSE	FALSE
C_gar_LG28	C_gar_LG28_d17L2_b0022	C_gar_LG28_d17L1_0001	387	390	2994083	1.06542160409867	5	5	0.2	0	0.831992516119229	1.07101569987973	2	1	20	20	DECAYS	-0.428288010577829	0.810119372326467	0.870614972442181	0.866600170569659	0.590063676813859																							0.870614972442181	221	0.590063676813859	FAKE	-0.179081123984951	0.23487527329753	DECAYS	NO_NEIGHBOR_ROOM	0	0			FALSE	FALSE	FALSE	FALSE	FALSE
C_gar_LG28	C_gar_LG28_d17L2_b0023	C_gar_LG28_d17L1_0001	395	398	3023517	1.25309812586589	5	5	1	0.9	-0.556103179653496	0.154129609101937			20	20	STABLE_BLUE	-0.61589639392255	0.761245102135033	0.861240626881595	0.772083739336919	0.570648152918025																							0.861240626881595	221	0.570648152918025	FAKE	-0.179081123984951	0.23487527329753	DECAYS	NO_NEIGHBOR_ROOM	0	0			FALSE	FALSE	FALSE	FALSE	FALSE
C_gar_LG28	C_gar_LG28_d17L2_b0024	C_gar_LG28_d17L1_0001	421	424	3152940	0.93107599772879	5	5	0.3	0	1.25639732004794	1.26297374987675	1	1	20	20	DECAYS	-0.78348907443007	0.861315533379296	0.943865750716149	0.171797964406839	0.520611864195816																							0.943865750716149	221	0.520611864195816	FAKE	-0.179081123984951	0.23487527329753	DECAYS	NO_NEIGHBOR_ROOM	0	0			FALSE	FALSE	FALSE	FALSE	FALSE
C_gar_LG28	C_gar_LG28_d17L2_b0025	C_gar_LG28_d17L1_0001	431	434	3206042	0.838910604411074	5	5	0.85	0.8	0.302645190586755	1.00355331022852		1	20	20	DECAYS	-0.750730749746206	0.856872291365885	0.756950756650251	0.0406684636964819	0.503712624855179																							0.856872291365885	221	0.503712624855179	FAKE	-0.179081123984951	0.23487527329753	DECAYS	NO_NEIGHBOR_ROOM	0	0			FALSE	FALSE	FALSE	FALSE	FALSE
C_gar_LG28	C_gar_LG28_d17L2_b0026	C_gar_LG28_d17L1_0001	474	477	3401550	1.7711010744518	5	5	1	0	-0.684285192535319	0.989165186673347		15	20	20	MARGINAL	-1.88898161670319	-1.47979891778374	-1.12303866268688	-0.392044306250203	0.363244047189933	0.330592034260126																						0.363244047189933	442	0.330592034260126	FAKE	-0.179081123984951	0.23487527329753	STABLE_BLUE	HOMOG_PASS	3	3	0.303102232746869	-1.53536740493151	TRUE	FALSE	FALSE	FALSE	FALSE
C_gar_LG28	C_gar_LG28_d17L2_b0027	C_gar_LG28_d17L1_0001	496	499	3495161	1.14991710825307	5	5	0.65	0.3	0.727253252093184	1.15760398588076	13	3	20	20	DECAYS	-1.0194983662943	-0.0628493527114787	-0.885694946571368	-0.262667622442517	0.385687619371013	0.178074786419804																						0.385687619371013	442	0.178074786419804	FAKE	-0.179081123984951	0.23487527329753	STABLE_BLUE	HOMOG_PASS	2	3	0.983940267400797	-0.567256022979819	TRUE	FALSE	FALSE	FALSE	FALSE
C_gar_LG28	C_gar_LG28_d17L2_b0028	C_gar_LG28_d17L1_0001	536	539	4046188	2.86714842412753	5	5	0.9	0.6	0.0931590497595835	0.97736091615039		1	20	20	DECAYS	-2.72982654801706	0.0839946629449855	0.495238754628885	0.0162733204712941	0.22837732012818	-0.0697373189857513																						0.495238754628885	442	-0.0697373189857513	FAKE	-0.179081123984951	0.23487527329753	DECAYS	NO_NEIGHBOR_ROOM	0	0			FALSE	FALSE	FALSE	FALSE	FALSE
C_gar_LG28	C_gar_LG28_d17L2_b0029	C_gar_LG28_d17L1_0001	547	550	4402243	1.60583965852735	5	5	0.9	0.6	1.14123149179873	1.29323711857033	1	1	20	20	DECAYS	-1.54091507552161	0.0770070860867892	0.43412830578399	0.052798887989163	0.179969332909686	-0.146572762452988																						0.43412830578399	442	-0.146572762452988	FAKE	-0.179081123984951	0.23487527329753	DECAYS	NO_NEIGHBOR_ROOM	0	0			FALSE	FALSE	FALSE	FALSE	FALSE
C_gar_LG28	C_gar_LG28_d17L2_b0030	C_gar_LG28_d17L1_0001	583	586	4646472	2.01878790210597	5	5	1	0	-0.0274250604988475	1.28273552224966		2	20	20	DECAYS	-1.9275564468454	-0.634123047096925	-0.845333620862029	-0.266456552588573	-0.160422564641002	-0.409148387379262																						-0.160422564641002	442	-0.409148387379262	MARGINAL	-0.179081123984951	0.23487527329753	STABLE_BLUE	HOMOG_PASS	2	3	0.272969822088579	-0.596668245566443	TRUE	FALSE	FALSE	FALSE	FALSE
C_gar_LG28	C_gar_LG28_d17L2_b0031	C_gar_LG28_d17L1_0001	716	719	5255092	2.941310412344	5	5	1	0.7	-1.92820152035844	0.891328182418891		2	20	20	DECAYS	-2.70847022107936	-2.53237318132536	-2.15353872134876	-1.50720181397424	-1.29079874698224																							-1.29079874698224	221	-1.29079874698224	REAL	-0.179081123984951	0.23487527329753	STABLE_BLUE	HOMOG_FAIL	0	3	1.59535810294431	-2.13390232401259	FALSE	TRUE	FALSE	FALSE	FALSE
C_gar_LG28	C_gar_LG28_d17L2_b0032	C_gar_LG28_d17L1_0001	764	767	6010235	0.980364301018417	5	5	0.65	0	0.813880946657936	1.26594367993375	1	1	20	20	DECAYS	-0.882225578026377	-0.650773090724774	-0.724767003211789	-1.44090475564672	-1.25808868744327																							-0.650773090724774	221	-1.25808868744327	REAL	-0.179081123984951	0.23487527329753	STABLE_BLUE	NO_NEIGHBOR_ROOM	0	0			FALSE	FALSE	FALSE	FALSE	FALSE
C_gar_LG28	C_gar_LG28_d17L2_b0033	C_gar_LG28_d17L1_0001	783	786	6089235	0.825071855528997	5	5	0.7	0.55	1.14196648533032	0.864134632721979	13	15	20	20	MARGINAL	-0.650821723550154	-0.0875354287741173	-1.33742458909281	-1.46506227872897	-1.2047540057274																							-0.0875354287741173	221	-1.2047540057274	MARGINAL	-0.179081123984951	0.23487527329753	MARGINAL	NO_NEIGHBOR_ROOM	0	0			FALSE	FALSE	FALSE	FALSE	FALSE
C_gar_LG28	C_gar_LG28_d17L2_b0034	C_gar_LG28_d17L1_0001	809	812	6223770	4.55695628295544	5	5	1	0.35	-0.105410776310895	0.826121700445865		3	20	20	DECAYS	-4.3912385819065	-2.5010237703279	-1.75532848285668	-1.36300093379793	-1.14429774577678																							-1.14429774577678	221	-1.14429774577678	REAL	-0.179081123984951	0.23487527329753	STABLE_BLUE	NO_NEIGHBOR_ROOM	0	0			FALSE	FALSE	FALSE	FALSE	FALSE
C_gar_LG28	C_gar_LG28_d17L2_b0035	C_gar_LG28_d17L1_0001	825	828	6276587	0.562715071304469	5	5	0.4	0.35	0.88832632355888	0.931338877151511	1	1	20	20	DECAYS	-0.381679509712164	-0.219487016790538	-0.994805200274736	-0.981902818912517	-1.05719162257924																							-0.219487016790538	221	-1.05719162257924	REAL	-0.179081123984951	0.23487527329753	STABLE_BLUE	NO_NEIGHBOR_ROOM	0	0			FALSE	FALSE	FALSE	FALSE	FALSE
C_gar_LG28	C_gar_LG28_d17L2_b0036	C_gar_LG28_d17L1_0001	840	843	6334256	1.18649999031291	5	5	1	1	-0.708403993748739	-1.93446870511087			20	20	STABLE_BLUE	-0.777188636932373	-0.0607095698908427	-0.582986339152108	-0.874428698043032	-0.972556292485599																							-0.0607095698908427	221	-0.972556292485599	MARGINAL	-0.179081123984951	0.23487527329753	MARGINAL	NO_NEIGHBOR_ROOM	0	0			FALSE	FALSE	FALSE	FALSE	FALSE
C_gar_LG28	C_gar_LG28_d17L2_b0037	C_gar_LG28_d17L1_0001	862	865	6413382	2.43045993578594	5	5	0.7	1	0.81079367513117	-0.149506184741714	4		20	20	DECAYS	-2.27417574615873	-0.0606072431539616	0.5642308529711	-0.532188126337322	-0.846396280983342																							0.5642308529711	221	-0.846396280983342	FAKE	-0.179081123984951	0.23487527329753	DECAYS	NO_NEIGHBOR_ROOM	0	0			FALSE	FALSE	FALSE	FALSE	FALSE
C_gar_LG28	C_gar_LG28_d17L2_b0038	C_gar_LG28_d17L1_0001	874	877	6463981	2.66688257053444	5	5	0.95	0.75	0.0506420927924001	0.773796173680966		6	20	20	MARGINAL	-2.63171473518478	-0.439987305343954	0.615247089120328	-0.474279394961609	-0.82262527491663																							0.615247089120328	221	-0.82262527491663	FAKE	-0.179081123984951	0.23487527329753	DECAYS	NO_NEIGHBOR_ROOM	0	0			FALSE	FALSE	FALSE	FALSE	FALSE
C_gar_LG28	C_gar_LG28_d17L2_b0039	C_gar_LG28_d17L1_0001	940	943	6720195	0.943942747280538	5	5	0.95	0.1	0.50210489619219	0.726021310244406	1	6	20	20	DECAYS	-0.853274968551538	-0.439560592443514	-0.0751178727857415	-0.000951111115097028																								-0.000951111115097028	111	-0.000951111115097028	MARGINAL	-0.179081123984951	0.23487527329753	STABLE_BLUE	HOMOG_PASS	3	3	0.212636709209707	-0.40446172693882	TRUE	FALSE	FALSE	FALSE	FALSE
C_gar_LG28	C_gar_LG28_d17L2_b0040	C_gar_LG28_d17L1_0001	1048	1051	7129276	1.14484907149273	5	5	0.3	0.05	1.13040396059258	0.871551643280555	3	2	20	20	DECAYS	-0.900583008411889	0.582786163217751																										0.582786163217751	22	0.582786163217751	FAKE	-0.179081123984951	0.23487527329753	DECAYS	NO_NEIGHBOR_ROOM	0	0			FALSE	FALSE	FALSE	FALSE	FALSE
C_gar_LG28	C_gar_LG28_d17L2_b0041	C_gar_LG28_d17L1_0001	1056	1059	7172348	0.705853797005944	5	5	1	0.95	-0.238525071430008	0.662108750258456		2	20	20	DECAYS	-0.334493611050956	0.565134887194152																										0.565134887194152	22	0.565134887194152	FAKE	-0.179081123984951	0.23487527329753	DECAYS	NO_NEIGHBOR_ROOM	0	0			FALSE	FALSE	FALSE	FALSE	FALSE
C_gar_LG28	C_gar_LG28_d17L2_b0042	C_gar_LG28_d17L1_0001	1057	1060	7174855	0.705853797005944	5	5	0.8	0.9	1.17564148236004	0.496285446789609	18		20	20	MARGINAL	-0.455433119007493	0.557286132885125																										0.557286132885125	22	0.557286132885125	FAKE	-0.179081123984951	0.23487527329753	DECAYS	NO_NEIGHBOR_ROOM	0	0			FALSE	FALSE	FALSE	FALSE	FALSE
C_gar_LG28	C_gar_LG28_d17L2_b0043	C_gar_LG28_d17L1_0002	5	1114	7537420	0.5971054057718	5	5	0.15	1	0.817238225412258	-1.26712607280513	14		20	4	MARGINAL							-0.5971054057718																					-0.5971054057718	5	-0.5971054057718	EDGE	-0.274737804309472	0.266569202269415	EDGE	NO_NEIGHBOR_ROOM	0	0			FALSE	FALSE	FALSE	FALSE	FALSE
C_gar_LG28	C_gar_LG28_d17L2_b0044	C_gar_LG28_d17L1_0002	23	1132	7606592	2.68756754799585	5	5	1	0.4	-1.62133509818285	0.725399307770025		18	20	20	MARGINAL							-2.68756754799585	-2.22625982474994	-1.31747279052873																			-1.31747279052873	14	-1.31747279052873	REAL	-0.274737804309472	0.266569202269415	STABLE_BLUE	NO_NEIGHBOR_ROOM	0	0			FALSE	FALSE	FALSE	FALSE	FALSE
C_gar_LG28	C_gar_LG28_d17L2_b0045	C_gar_LG28_d17L1_0003	5	1186	7791702	5.22712089691117	5	5	0	1	0.661934447135536	-2.00606051457033	12		20	4	MARGINAL							-5.22712089691117																					-5.22712089691117	5	-5.22712089691117	EDGE	-0.295810731148102	0.273551295356771	EDGE	NO_ROOM	0	0			FALSE	FALSE	FALSE	FALSE	FALSE
C_gar_LG28	C_gar_LG28_d17L2_b0046	C_gar_LG28_d17L1_0003	113	1294	8216436	1.97557399396502	5	5	0.95	0	0.127458293852146	0.558784287602111		5	20	20	DECAYS							-1.97557399396502				-1.46013809923565	-1.29596138379791	-1.17440976112598	-0.373428372369566														-0.373428372369566	91	-0.373428372369566	REAL	-0.295810731148102	0.273551295356771	STABLE_BLUE	NO_NEIGHBOR_ROOM	0	0			FALSE	FALSE	FALSE	FALSE	FALSE
C_gar_LG28	C_gar_LG28_d17L2_b0047	C_gar_LG28_d17L1_0003	114	1295	8220723	1.97557399396502	5	5	1	0.1	-0.00531006629321902	0.324457375790443			20	20	MARGINAL							-1.97557399396502				-1.35410065192947	-1.33416234523363	-1.21704830278528	-0.395024724007888														-0.395024724007888	91	-0.395024724007888	REAL	-0.295810731148102	0.273551295356771	DEDUP	NO_NEIGHBOR_ROOM	0	0			FALSE	FALSE	FALSE	FALSE	TRUE
C_gar_LG28	C_gar_LG28_d17L2_b0048	C_gar_LG28_d17L1_0003	129	1310	8267099	0.862769407274771	5	5	1	0.55	-0.666584982538008	0.835542721329462		2	20	20	DECAYS							-0.862769407274771				-0.524843144466403	-1.29164138067568	-1.19323857382818	-0.577943872263493														-0.524843144466403	91	-0.577943872263493	REAL	-0.295810731148102	0.273551295356771	STABLE_BLUE	NO_NEIGHBOR_ROOM	0	0			FALSE	FALSE	FALSE	FALSE	FALSE
C_gar_LG28	C_gar_LG28_d17L2_b0049	C_gar_LG28_d17L1_0003	141	1322	8303246	0.761837823707962	5	5	0.95	0.4	0.383050688309394	0.801340829368683		1	20	20	DECAYS							-0.761837823707962				-0.41821813048998	-0.506438132864591	-0.697647419509565	-0.606912495574874														-0.41821813048998	91	-0.606912495574874	REAL	-0.295810731148102	0.273551295356771	DEDUP	NO_NEIGHBOR_ROOM	0	0			FALSE	FALSE	FALSE	FALSE	TRUE
C_gar_LG28	C_gar_LG28_d17L2_b0050	C_gar_LG28_d17L1_0003	195	1376	8510699	3.49656508673733	5	5	1	0.15	-0.302063533914304	0.969625696057572		7	20	20	MARGINAL							-3.49656508673733				-3.07939012037771	-1.44936609040177	-0.811787403166614	-1.04572190838573	-0.747676176004752													-0.747676176004752	181	-0.747676176004752	REAL	-0.295810731148102	0.273551295356771	STABLE_BLUE	HOMOG_FAIL	1	3	1.20887805218959	-2.18714216061044	FALSE	TRUE	FALSE	FALSE	FALSE
C_gar_LG28	C_gar_LG28_d17L2_b0051	C_gar_LG28_d17L1_0003	238	1419	8646936	2.42349673652926	5	5	0.9	0.25	0.568549811765068	0.438281396746864	12		20	20	MARGINAL							-2.42349673652926				-1.48835779192499	-1.39828633832125	-1.17640517160701	-0.902977436148208	-0.520282094342065													-0.520282094342065	181	-0.520282094342065	REAL	-0.295810731148102	0.273551295356771	STABLE_BLUE	NO_NEIGHBOR_ROOM	0	0			FALSE	FALSE	FALSE	FALSE	FALSE
C_gar_LG28	C_gar_LG28_d17L2_b0052	C_gar_LG28_d17L1_0003	254	1435	8703279	1.35489538946077	5	5	0.05	0.8	0.968641503643985	0.591097696808789	1	7	20	20	DECAYS							-1.35489538946077				-0.681496548411714	-0.907289754783343	-0.919518349370135	-0.667509940924996	-0.227890062323909													-0.227890062323909	181	-0.227890062323909	MARGINAL	-0.295810731148102	0.273551295356771	MARGINAL	NO_NEIGHBOR_ROOM	0	0			FALSE	FALSE	FALSE	FALSE	FALSE
C_gar_LG28	C_gar_LG28_d17L2_b0053	C_gar_LG28_d17L1_0003	410	1591	9312268	0.7910452863352	5	5	0.55	0.95	0.67405084123969	0.15469650220192	12		20	20	MARGINAL							-0.7910452863352				-0.448763827801232	-0.548399030048797																-0.448763827801232	23	-0.548399030048797	REAL	-0.295810731148102	0.273551295356771	STABLE_BLUE	HOMOG_PASS	3	3	0.275411102291889	-0.653979929676248	FALSE	FALSE	FALSE	FALSE	FALSE
C_gar_LG28	C_gar_LG28_d17L2_b0054	C_gar_LG28_d17L1_0003	434	1615	9394242	3.35326387589595	5	5	0.421052631578947	0.9	0.413691120745082	0.25724849632166			19	20	MARGINAL							-3.35326387589595				-1.62496818676806																	-1.62496818676806	9	-1.62496818676806	EDGE	-0.295810731148102	0.273551295356771	EDGE	NO_ROOM	0	0			FALSE	FALSE	FALSE	FALSE	FALSE
C_gar_LG28	C_gar_LG28_d17L2_b0055	C_gar_LG28_d17L1_0004	41	1675	9602905	3.0296732641388	5	5	0.9	0	0.823186767936936	0.964456949595518	1	1	20	20	DECAYS							-3.0296732641388									-2.63416194221177	-2.03452768600012	-1.35836892711026										-1.35836892711026	30	-1.35836892711026	REAL	-0.237240155388291	0.254145105829013	STABLE_BLUE	NO_NEIGHBOR_ROOM	0	0			FALSE	FALSE	FALSE	FALSE	FALSE
C_gar_LG28	C_gar_LG28_d17L2_b0056	C_gar_LG28_d17L1_0004	42	1676	9605411	3.0296732641388	5	5	0.95	0	0.823186767936936	0.984790533824358	1	1	20	20	DECAYS							-3.0296732641388									-2.61902537882506	-2.05092042719776	-1.3686770722939										-1.3686770722939	30	-1.3686770722939	REAL	-0.237240155388291	0.254145105829013	DEDUP	NO_NEIGHBOR_ROOM	0	0			FALSE	FALSE	FALSE	FALSE	TRUE
C_gar_LG28	C_gar_LG28_d17L2_b0057	C_gar_LG28_d17L1_0005	39	1825	10146437	1.45242467248281	5	5	0.8	0.75	0.652951940501154	0.718610660982285	1	1	20	20	DECAYS							-1.45242467248281				-1.50217641527473									-1.30333911886263	-0.951230225396272							-0.951230225396272	34	-0.951230225396272	REAL	-0.207732633926117	0.244368378409812	STABLE_BLUE	NO_NEIGHBOR_ROOM	0	0			FALSE	FALSE	FALSE	FALSE	FALSE
C_gar_LG28	C_gar_LG28_d17L2_b0058	C_gar_LG28_d17L1_0005	40	1826	10149869	1.45242467248281	5	5	0.85	0.7	0.751058757281702	0.793417601500682	1	1	20	20	DECAYS							-1.45242467248281				-1.51706734613654									-1.31341036899825	-0.963792024865414							-0.963792024865414	34	-0.963792024865414	REAL	-0.207732633926117	0.244368378409812	DEDUP	NO_NEIGHBOR_ROOM	0	0			FALSE	FALSE	FALSE	FALSE	TRUE
C_gar_LG28	C_gar_LG28_d17L2_b0059	C_gar_LG28_d17L1_0005	129	1915	10485298	1.4516808835665	5	5	1	0.15	-0.000215177603352193	0.946273526440146		4	20	20	DECAYS							-1.4516808835665				-0.873699128616648									-1.02128989441722	-0.496782238874643							-0.496782238874643	34	-0.496782238874643	REAL	-0.207732633926117	0.244368378409812	STABLE_BLUE	HOMOG_PASS	3	3	0.571839473193766	-1.07055654007243	FALSE	FALSE	FALSE	FALSE	FALSE
C_gar_LG28	C_gar_LG28_d17L2_b0060	C_gar_LG28_d17L1_0007	5	1966	10699657	0.655711833215553	5	5	0.7	0.75	0.185554831427468	0.0444039510116894			20	4	STABLE_BLUE							-0.655711833215553																					-0.655711833215553	5	-0.655711833215553	EDGE	-0.16170570867151	0.214311817119137	EDGE	NO_ROOM	0	0			FALSE	FALSE	FALSE	FALSE	FALSE
C_gar_LG28	C_gar_LG28_d17L2_b0061	C_gar_LG28_d17L1_0008	5	2038	10957543	3.05966509700961	5	5	0.25	1	0.915104503167593	-2.05690928899384	11		20	4	MARGINAL																															EDGE	-0.263264533483178	0.262767763317006	EDGE	NO_ROOM	0	0			FALSE	FALSE	FALSE	FALSE	FALSE
C_gar_LG28	C_gar_LG28_d17L2_b0062	C_gar_LG28_d17L1_0008	89	2122	11221225	1.66986247833998	5	5	0.65	0.35	0.572001575073798	0.942625029154043	5	10	20	20	DECAYS	-1.62938690202221	-0.545434885833378	-0.0836086654194173																									-0.0836086654194173	55	-0.0836086654194173	MARGINAL	-0.263264533483178	0.262767763317006	MARGINAL	NO_NEIGHBOR_ROOM	0	0			FALSE	FALSE	FALSE	FALSE	FALSE
C_gar_LG28	C_gar_LG28_d17L2_b0063	C_gar_LG28_d17L1_0008	104	2137	11263650	0.706408154604888	5	5	1	0.65	-0.0656862859683637	0.894293599012466		1	20	20	DECAYS	-0.541214030493588	-0.56810862427157	-0.0233618430705791																									-0.0233618430705791	55	-0.0233618430705791	MARGINAL	-0.263264533483178	0.262767763317006	MARGINAL	NO_NEIGHBOR_ROOM	0	0			FALSE	FALSE	FALSE	FALSE	FALSE
C_gar_LG28	C_gar_LG28_d17L2_b0064	C_gar_LG28_d17L1_0008	158	2191	11478965	2.73693245515354	5	5	0.9	0	0.674721676310071	1.11164433968976	2	1	20	20	DECAYS	-2.52143174072216	-1.21680628858031	-0.200870384681398	-0.265726519361361																								-0.200870384681398	111	-0.265726519361361	MARGINAL	-0.263264533483178	0.262767763317006	STABLE_BLUE	HOMOG_PASS	2	3	0.502455148325501	-1.45941001343028	TRUE	FALSE	FALSE	FALSE	FALSE
C_gar_LG28	C_gar_LG28_d17L2_b0065	C_gar_LG28_d17L1_0008	196	2229	11625210	0.906938837633403	5	5	0.9	0.45	0.115251220160093	0.836718569349103		2	20	20	DECAYS	-0.795554706370194	0.424315384214652	0.0638749361838323	-0.917163800776603																								0.424315384214652	111	-0.917163800776603	FAKE	-0.263264533483178	0.262767763317006	DECAYS	HOMOG_FAIL	1	3	0.883447010660199	-0.136251479396072	FALSE	FALSE	FALSE	FALSE	FALSE
C_gar_LG28	C_gar_LG28_d17L2_b0066	C_gar_LG28_d17L1_0008	246	2279	11803640	5.01436405415215	5	5	0.85	0	0.578189274176524	0.919429758433576	2	1	20	20	DECAYS	-4.73664351771866	-3.57974793719459	-2.26549404555542	-1.68963144521434	-1.063623970301																							-1.063623970301	221	-1.063623970301	REAL	-0.263264533483178	0.262767763317006	STABLE_BLUE	NO_NEIGHBOR_ROOM	0	0			FALSE	FALSE	FALSE	FALSE	FALSE
C_gar_LG28	C_gar_LG28_d17L2_b0067	C_gar_LG28_d17L1_0008	247	2280	11807182	5.01436405415215	5	5	0.9	0	0.719019136634987	0.916883533283865	1	2	20	20	DECAYS	-4.6960337086492	-3.57273803816199	-2.27450683512644	-1.69006198634291	-1.06276990993234																							-1.06276990993234	221	-1.06276990993234	REAL	-0.263264533483178	0.262767763317006	DEDUP	NO_NEIGHBOR_ROOM	0	0			FALSE	FALSE	FALSE	FALSE	TRUE
C_gar_LG28	C_gar_LG28_d17L2_b0068	C_gar_LG28_d17L1_0008	266	2299	11866754	0.69828773934023	5	5	1	0.95	-0.141506851881868	0.077311182048214			20	20	STABLE_BLUE	-0.307059810122636	-0.0347964525190632	-2.06223783863571	-1.48647341769211	-0.982061711683117																							-0.0347964525190632	221	-0.982061711683117	MARGINAL	-0.263264533483178	0.262767763317006	MARGINAL	NO_NEIGHBOR_ROOM	0	0			FALSE	FALSE	FALSE	FALSE	FALSE
C_gar_LG28	C_gar_LG28_d17L2_b0069	C_gar_LG28_d17L1_0008	284	2317	11931888	1.86057083149623	5	5	0.45	0.3	0.71460359750486	0.89522198547139	1	6	20	20	DECAYS	-1.63237205903156	-0.511311562573491	-0.81211557784531	-1.2541812442634	-0.871007167880744																							-0.511311562573491	221	-0.871007167880744	REAL	-0.263264533483178	0.262767763317006	STABLE_BLUE	NO_NEIGHBOR_ROOM	0	0			FALSE	FALSE	FALSE	FALSE	FALSE
C_gar_LG28	C_gar_LG28_d17L2_b0070	C_gar_LG28_d17L1_0008	300	2333	11982907	1.18633581919097	5	5	0.9	0.8	0.115718299184132	0.46706359038291			20	20	STABLE_BLUE	-1.05032853727383	-0.66982596273483	-0.3446780479161	-0.782913854377792	-0.713635587326263																							-0.3446780479161	221	-0.713635587326263	REAL	-0.263264533483178	0.262767763317006	STABLE_BLUE	NO_NEIGHBOR_ROOM	0	0			FALSE	FALSE	FALSE	FALSE	FALSE
C_gar_LG28	C_gar_LG28_d17L2_b0071	C_gar_LG28_d17L1_0008	407	2440	12384114	0.99450393782983	5	5	1	0.55	-0.659085258892777	0.805192440826791		3	20	20	DECAYS	-0.929859560791048	0.159892481811393	0.239654319648892	0.79996271911778	0.827308804957227																							0.827308804957227	221	0.827308804957227	FAKE	-0.263264533483178	0.262767763317006	STABLE_BLUE	HOMOG_PASS	2	3	0.333899317564621	-0.163575970772416	TRUE	FALSE	FALSE	FALSE	FALSE
C_gar_LG28	C_gar_LG28_d17L2_b0072	C_gar_LG28_d17L1_0008	436	2469	12492547	1.91786136007601	5	5	1	0.1	-0.393465442769411	0.821448583377729		9	20	20	MARGINAL	-1.90247070759035	-1.07988605667695	-0.293093779938359	0.71261261122423	1.09139813662689																							1.09139813662689	221	1.09139813662689	FAKE	-0.263264533483178	0.262767763317006	STABLE_BLUE	HOMOG_PASS	3	3	0.419878680561912	-1.35262839607525	TRUE	FALSE	FALSE	FALSE	FALSE
C_gar_LG28	C_gar_LG28_d17L2_b0073	C_gar_LG28_d17L1_0008	468	2501	12587535	1.3764658605864	5	5	0.2	0.1	0.98495189323658	0.930158176717091	2	4	20	20	DECAYS	-0.742420963817725	0.677542521590367	0.698966688731845	1.07554944662778	1.32399003254019	0.158912229212242																						1.32399003254019	442	0.158912229212242	FAKE	-0.263264533483178	0.262767763317006	DECAYS	NO_NEIGHBOR_ROOM	0	0			FALSE	FALSE	FALSE	FALSE	FALSE
C_gar_LG28	C_gar_LG28_d17L2_b0074	C_gar_LG28_d17L1_0008	476	2509	12608815	0.858334191763334	5	5	1	1	-0.535207510277969	-0.163343824912805			20	20	STABLE_BLUE	-0.561537629972273	0.681996931079955	0.915091819414899	1.03823185311211	1.32047345634724	0.170476961427815																						1.32047345634724	442	0.170476961427815	FAKE	-0.263264533483178	0.262767763317006	DECAYS	NO_NEIGHBOR_ROOM	0	0			FALSE	FALSE	FALSE	FALSE	FALSE
C_gar_LG28	C_gar_LG28_d17L2_b0075	C_gar_LG28_d17L1_0008	581	2614	12961359	2.22320792622217	5	5	0.9	0.05	0.941448301279727	1.02810202566128	1	1	20	20	DECAYS	-2.13935083283544	-0.927262688954422	-0.238098773109754	0.0888159303554001	0.105821082268767	0.157526919892345																						0.157526919892345	442	0.157526919892345	MARGINAL	-0.263264533483178	0.262767763317006	STABLE_BLUE	HOMOG_PASS	2	3	0.538760705393178	-1.08482912782297	TRUE	FALSE	FALSE	FALSE	FALSE
C_gar_LG28	C_gar_LG28_d17L2_b0076	C_gar_LG28_d17L1_0008	661	2694	13224565	3.50658613554212	5	5	0.85	0	0.821287487480555	0.97030634728031	1	1	20	20	DECAYS	-3.35149311688598	-2.21768532924416	-1.53826657675484	-1.20939195950334	-0.950997882911985																							-0.950997882911985	221	-0.950997882911985	REAL	-0.263264533483178	0.262767763317006	STABLE_BLUE	NO_NEIGHBOR_ROOM	0	0			FALSE	FALSE	FALSE	FALSE	FALSE
C_gar_LG28	C_gar_LG28_d17L2_b0077	C_gar_LG28_d17L1_0008	679	2712	13272395	2.33559383500393	5	5	1	0.85	-0.593879893372708	0.0688541327532561			20	20	STABLE_BLUE	-1.99525497294942	-1.35450922175488	-1.56796529341438	-1.22791989264996	-0.962881270900023																							-0.962881270900023	221	-0.962881270900023	REAL	-0.263264533483178	0.262767763317006	STABLE_BLUE	NO_NEIGHBOR_ROOM	0	0			FALSE	FALSE	FALSE	FALSE	FALSE
C_gar_LG28	C_gar_LG28_d17L2_b0078	C_gar_LG28_d17L1_0008	701	2734	13332984	0.539132499005268	5	5	0.2	0.55	0.999463285838094	0.5453075589407	1	14	20	20	DECAYS	-0.739404450784279	-0.112845399427938	-0.677099679255273	-1.14262368083051	-0.900668011191154																							-0.112845399427938	221	-0.900668011191154	MARGINAL	-0.263264533483178	0.262767763317006	MARGINAL	NO_NEIGHBOR_ROOM	0	0			FALSE	FALSE	FALSE	FALSE	FALSE
C_gar_LG28	C_gar_LG28_d17L2_b0079	C_gar_LG28_d17L1_0008	702	2735	13335816	0.539132499005268	5	5	0.25	0.45	0.953628800837195	0.674733950708927	2	1	20	20	DECAYS	-0.593365325142758	-0.103283302944747	-0.629990559903828	-1.14288694907232	-0.896597929448951																							-0.103283302944747	221	-0.896597929448951	MARGINAL	-0.263264533483178	0.262767763317006	MARGINAL	NO_NEIGHBOR_ROOM	0	0			FALSE	FALSE	FALSE	FALSE	FALSE
C_gar_LG28	C_gar_LG28_d17L2_b0080	C_gar_LG28_d17L1_0008	703	2736	13337374	0.539132499005268	5	5	0.65	0.2	0.599239319193665	0.96609524420395	3	3	20	20	DECAYS	-0.538613222424783	-0.0785672565460183	-0.594708626410435	-1.14287436930209	-0.892106146640084																							-0.0785672565460183	221	-0.892106146640084	MARGINAL	-0.263264533483178	0.262767763317006	MARGINAL	NO_NEIGHBOR_ROOM	0	0			FALSE	FALSE	FALSE	FALSE	FALSE
C_gar_LG28	C_gar_LG28_d17L2_b0081	C_gar_LG28_d17L1_0008	720	2753	13399687	0.776733296681877	5	5	0.3	0.1	0.876395444254015	0.990584299165793	1	1	20	20	DECAYS	-0.556023375711622	0.134969449806364	-0.364337625499038	-1.0643402097619	-0.810151534505144																							0.134969449806364	221	-0.810151534505144	MARGINAL	-0.263264533483178	0.262767763317006	MARGINAL	NO_NEIGHBOR_ROOM	0	0			FALSE	FALSE	FALSE	FALSE	FALSE
C_gar_LG28	C_gar_LG28_d17L2_b0082	C_gar_LG28_d17L1_0008	737	2770	13458002	1.28669523063662	5	5	1	0.45	-0.0230132974909261	0.858295917055686		6	20	20	MARGINAL	-1.25649317619273	-0.405988282925043	-0.349352781963369	-0.897794427148456	-0.799293049211995																							-0.349352781963369	221	-0.799293049211995	REAL	-0.263264533483178	0.262767763317006	STABLE_BLUE	NO_NEIGHBOR_ROOM	0	0			FALSE	FALSE	FALSE	FALSE	FALSE
C_gar_LG28	C_gar_LG28_d17L2_b0083	C_gar_LG28_d17L1_0008	764	2797	13544031	2.04442397094337	5	5	0.9	0	0.373246176306969	0.99932222355786		1	20	20	DECAYS	-1.87565444958757	-0.548919715509115	-0.740272611702554	-0.471914934721267	-0.622968573752784																							-0.471914934721267	221	-0.622968573752784	REAL	-0.263264533483178	0.262767763317006	STABLE_BLUE	HOMOG_PASS	2	3	0.652201511524879	-1.12991476332049	FALSE	FALSE	FALSE	FALSE	FALSE
C_gar_LG28	C_gar_LG28_d17L2_b0084	C_gar_LG28_d17L1_0008	792	2825	13616338	2.51576125754028	5	5	1	0.85	-0.952640453496853	0.539423587488273		2	20	20	DECAYS	-2.48118746083196	-1.25197153423953	-0.499899690764956	-0.0237464278286459	-0.300437119625742																							-0.0237464278286459	221	-0.300437119625742	MARGINAL	-0.263264533483178	0.262767763317006	STABLE_BLUE	HOMOG_PASS	2	3	0.906492699986519	-1.40120490728322	TRUE	FALSE	FALSE	FALSE	FALSE
C_gar_LG28	C_gar_LG28_d17L2_b0085	C_gar_LG28_d17L1_0008	822	2855	13715373	1.5679639565407	5	5	0.35	0	0.936524569478427	0.967270568519548	11	4	20	20	DECAYS	-1.43120163140581	0.730879197166849	0.624180142360061	0.597943229521082	0.144227667759858																							0.730879197166849	221	0.144227667759858	FAKE	-0.263264533483178	0.262767763317006	DECAYS	NO_NEIGHBOR_ROOM	0	0			FALSE	FALSE	FALSE	FALSE	FALSE
C_gar_LG28	C_gar_LG28_d17L2_b0086	C_gar_LG28_d17L1_0008	831	2864	13767068	1.62239461411426	5	5	1	0.9	-0.562615419280683	0.841129604283838		3	20	20	DECAYS	-1.49772012640738	0.772231463600642	0.729074822116212	0.70262390573857	0.239791361598728																							0.772231463600642	221	0.239791361598728	FAKE	-0.263264533483178	0.262767763317006	DECAYS	NO_NEIGHBOR_ROOM	0	0			FALSE	FALSE	FALSE	FALSE	FALSE
C_gar_LG28	C_gar_LG28_d17L2_b0087	C_gar_LG28_d17L1_0008	914	2947	14049293	0.578437200487863	5	5	0.55	0.05	0.612812923063268	0.892682391438439	2	3	20	20	DECAYS	-0.542278550761631	0.0761782921013737	0.136333705443545	0.532630777408727																								0.532630777408727	111	0.532630777408727	FAKE	-0.263264533483178	0.262767763317006	DECAYS	HOMOG_FAIL	0	3	0.55519468520864	0.0907016146923803	FALSE	FALSE	FALSE	FALSE	FALSE
C_gar_LG28	C_gar_LG28_d17L2_b0088	C_gar_LG28_d17L1_0008	944	2977	14156638	1.18544181119382	5	5	0.75	0.6	0.507849516154297	0.757017331927972	1	1	20	20	DECAYS	-1.23066028668161	-0.800407734253846	-0.464771439513001	0.20629656083804																								0.20629656083804	111	0.20629656083804	MARGINAL	-0.263264533483178	0.262767763317006	STABLE_BLUE	HOMOG_PASS	3	3	0.130831483389742	-0.836044079881827	TRUE	FALSE	FALSE	FALSE	FALSE
C_gar_LG28	C_gar_LG28_d17L2_b0089	C_gar_LG28_d17L1_0008	1017	3050	14429077	0.611543524251893	5	5	0.65	1	0.902288009708293	-0.537318375547506	1		20	20	DECAYS	-0.523510475584838	-0.441647854574824	0.227020220383753																									0.227020220383753	55	0.227020220383753	MARGINAL	-0.263264533483178	0.262767763317006	MARGINAL	NO_NEIGHBOR_ROOM	0	0			FALSE	FALSE	FALSE	FALSE	FALSE
C_gar_LG28	C_gar_LG28_d17L2_b0090	C_gar_LG28_d17L1_0008	1032	3065	14493423	2.54042317711233	5	5	0.8	0.55	0.536334167276744	0.637232184982251	20	11	20	20	MARGINAL	-1.82000102127862	0.298667708032012	0.17496465694729																									0.298667708032012	55	0.17496465694729	FAKE	-0.263264533483178	0.262767763317006	DECAYS	NO_NEIGHBOR_ROOM	0	0			FALSE	FALSE	FALSE	FALSE	FALSE
C_gar_LG28	C_gar_LG28_d17L2_b0091	C_gar_LG28_d17L1_0008	1033	3066	14495315	2.54042317711233	5	5	0.85	0.65	0.44873796443979	0.439122755630942			20	20	MARGINAL	-2.11400594283885	0.336755285264225	0.178236965224978																									0.336755285264225	55	0.178236965224978	FAKE	-0.263264533483178	0.262767763317006	DECAYS	NO_NEIGHBOR_ROOM	0	0			FALSE	FALSE	FALSE	FALSE	FALSE
C_gar_LG28	C_gar_LG28_d17L2_b0092	C_gar_LG28_d17L1_0008	1044	3077	14535426	1.96553427658152	5	5	0.8	0.5	0.820809381195913	1.03154981757458	19	1	20	20	DECAYS	-1.98406080593906	0.117095067234515	0.377194733914096																									0.377194733914096	55	0.377194733914096	FAKE	-0.263264533483178	0.262767763317006	DECAYS	NO_NEIGHBOR_ROOM	0	0			FALSE	FALSE	FALSE	FALSE	FALSE
C_gar_LG28	C_gar_LG28_d17L2_b0093	C_gar_LG28_d17L1_0008	1056	3089	14569715	2.01107843088023	5	5	0.75	0.75	0.709759853990579	0.895843205946824	4	5	20	20	DECAYS	-1.61862198393889	0.17129262631709																										0.17129262631709	22	0.17129262631709	MARGINAL	-0.263264533483178	0.262767763317006	MARGINAL	NO_NEIGHBOR_ROOM	0	0			FALSE	FALSE	FALSE	FALSE	FALSE
C_gar_LG28	C_gar_LG28_d17L2_b0094	C_gar_LG28_d17L1_0009	5	3144	14762394	4.27170298925868	5	5	0.45	1	0.582806486614791	-2.22940839567648	14		20	4	MARGINAL							-4.27170298925868																					-4.27170298925868	5	-4.27170298925868	EDGE	-0.294480839111996	0.273110662213434	EDGE	NO_NEIGHBOR_ROOM	0	0			FALSE	FALSE	FALSE	FALSE	FALSE
C_gar_LG28	C_gar_LG28_d17L2_b0095	C_gar_LG28_d17L1_0009	18	3157	14821456	0.685028313239074	5	5	1	0.647058823529412	-0.156784932820386	0.703006881389351		1	20	17	DECAYS							-0.685028313239074				0.0334472030154182									-0.0750253563972183								0.0334472030154182	17	-0.0750253563972183	MARGINAL	-0.294480839111996	0.273110662213434	MARGINAL	NO_NEIGHBOR_ROOM	0	0			FALSE	FALSE	FALSE	FALSE	FALSE
C_gar_LG28	C_gar_LG28_d17L2_b0096	C_gar_LG28_d17L1_0009	19	3158	14825611	0.685028313239074	5	5	0.75	0.277777777777778	0.341111692307668	0.614589582866471		6	20	18	MARGINAL							-0.685028313239074				-0.305228537208459									-0.0108915363924498								-0.0108915363924498	17	-0.0108915363924498	MARGINAL	-0.294480839111996	0.273110662213434	MARGINAL	NO_NEIGHBOR_ROOM	0	0			FALSE	FALSE	FALSE	FALSE	FALSE
C_gar_LG28	C_gar_LG28_d17L2_b0097	C_gar_LG28_d17L1_0010	5	3231	15121621	0.9181660007603	5	5	0.4	1	0.870894269119656	-0.00384562734969469	18		20	4	MARGINAL							-0.9181660007603																					-0.9181660007603	5	-0.9181660007603	EDGE	-0.217315328850062	0.247543412827151	EDGE	NO_ROOM	0	0			FALSE	FALSE	FALSE	FALSE	FALSE
C_gar_LG28	C_gar_LG28_d17L2_b0098	C_gar_LG28_d17L1_0010	26	3252	15189511	0.806363340356799	5	5	0.2	0.75	1.01310839155601	0.808274351960278	5	6	20	20	DECAYS		-0.437711096232809					-0.806363340356799																					-0.437711096232809	22	-0.437711096232809	REAL	-0.217315328850062	0.247543412827151	STABLE_BLUE	HOMOG_PASS	2	2	0.210934586346924	-0.459612326697488	FALSE	FALSE	FALSE	FALSE	FALSE
C_gar_LG28	C_gar_LG28_d17L2_b0099	C_gar_LG28_d17L1_0010	105	3331	15848630	1.25577548833543	5	5	0.65	0.25	0.970207663706466	0.926363558201291	1	1	20	20	DECAYS		0.149477985193952					-1.25577548833543																	0.0270380331967609				0.149477985193952	54	0.0270380331967609	MARGINAL	-0.217315328850062	0.247543412827151	MARGINAL	HOMOG_FAIL	0	3	0.383858076196406	-0.137697265905593	FALSE	FALSE	FALSE	FALSE	FALSE
C_gar_LG28	C_gar_LG28_d17L2_b0100	C_gar_LG28_d17L1_0010	137	3363	15939052	0.814282473160853	5	5	0.35	0.25	0.946292365862574	0.980752946210502	3	3	20	20	DECAYS		0.35526113121233					-0.814282473160853																	0.453290891354762	0.659816453918052			0.659816453918052	108	0.659816453918052	FAKE	-0.217315328850062	0.247543412827151	DECAYS	NO_NEIGHBOR_ROOM	0	0			FALSE	FALSE	FALSE	FALSE	FALSE
C_gar_LG28	C_gar_LG28_d17L2_b0101	C_gar_LG28_d17L1_0010	146	3372	15958649	1.03647885182146	5	5	0.75	0.75	0.950751854223142	0.959109578997846	1	3	20	20	DECAYS		0.3357056804459					-1.03647885182146																	0.434822041818505	0.596982132294215			0.596982132294215	108	0.596982132294215	FAKE	-0.217315328850062	0.247543412827151	DECAYS	NO_NEIGHBOR_ROOM	0	0			FALSE	FALSE	FALSE	FALSE	FALSE
C_gar_LG28	C_gar_LG28_d17L2_b0102	C_gar_LG28_d17L1_0010	227	3453	16204950	1.3008753269335	5	5	0.9	0.45	0.229222020665172	0.470352777009507			20	20	MARGINAL		-0.216106584366187					-1.3008753269335																	-0.150102659339928	0.266989885761439	0.731008814118597		0.731008814118597	216	0.731008814118597	FAKE	-0.217315328850062	0.247543412827151	STABLE_BLUE	HOMOG_PASS	2	3	0.367148154158195	-0.273049577893401	TRUE	FALSE	FALSE	FALSE	FALSE
C_gar_LG28	C_gar_LG28_d17L2_b0103	C_gar_LG28_d17L1_0010	256	3482	16283090	0.658224148574096	5	5	0.6	0.35	0.689291305505299	0.982379848997034	12	2	20	20	DECAYS		-0.0219261481651806					-0.658224148574096																	0.00105594376144462	0.268296322821077	0.749213902857222		0.749213902857222	216	0.749213902857222	FAKE	-0.217315328850062	0.247543412827151	DECAYS	NO_NEIGHBOR_ROOM	0	0			FALSE	FALSE	FALSE	FALSE	FALSE
C_gar_LG28	C_gar_LG28_d17L2_b0104	C_gar_LG28_d17L1_0010	266	3492	16309733	2.33693854436455	5	5	0.8	0.55	0.879874905749951	0.88721726899712	15	2	20	20	DECAYS		0.202655871107677					-2.33693854436455																	0.0170027330834995	0.284972289659552	0.757330738082483		0.757330738082483	216	0.757330738082483	FAKE	-0.217315328850062	0.247543412827151	DECAYS	NO_NEIGHBOR_ROOM	0	0			FALSE	FALSE	FALSE	FALSE	FALSE
C_gar_LG28	C_gar_LG28_d17L2_b0105	C_gar_LG28_d17L1_0010	274	3500	16330341	1.49841429330192	5	5	0.9	0.8	0.784180691684282	0.795342869005706	1	1	20	20	DECAYS		0.175113565360752					-1.49841429330192																	0.150060300031577	0.294688466396682	0.769262553313513		0.769262553313513	216	0.769262553313513	FAKE	-0.217315328850062	0.247543412827151	DECAYS	NO_NEIGHBOR_ROOM	0	0			FALSE	FALSE	FALSE	FALSE	FALSE
C_gar_LG28	C_gar_LG28_d17L2_b0106	C_gar_LG28_d17L1_0010	297	3523	16409452	0.720202517156665	5	5	0.4	0.5	0.93974063343092	0.250471574326012	4		20	20	DECAYS		-0.0955681759102292					-0.720202517156665																	0.107000839952763	0.404850813103442	0.763331528985448		0.763331528985448	216	0.763331528985448	FAKE	-0.217315328850062	0.247543412827151	DECAYS	NO_NEIGHBOR_ROOM	0	0			FALSE	FALSE	FALSE	FALSE	FALSE
C_gar_LG28	C_gar_LG28_d17L2_b0107	C_gar_LG28_d17L1_0010	307	3533	16440256	1.14666699706742	5	5	0.65	0.75	0.957393543355215	0.936092211574124	12	2	20	20	DECAYS		-0.143349427438136					-1.14666699706742																	0.181095306001887	0.436578842260486	0.781434256396909		0.781434256396909	216	0.781434256396909	FAKE	-0.217315328850062	0.247543412827151	DECAYS	NO_NEIGHBOR_ROOM	0	0			FALSE	FALSE	FALSE	FALSE	FALSE
C_gar_LG28	C_gar_LG28_d17L2_b0108	C_gar_LG28_d17L1_0010	323	3549	16494629	2.53807851852181	5	5	0.8	0.45	0.464746434281172	0.324814253992966			20	20	MARGINAL		-0.276653365504228					-2.53807851852181																	0.164761111392872	0.463155406048046	0.781909179354402		0.781909179354402	216	0.781909179354402	FAKE	-0.217315328850062	0.247543412827151	DECAYS	NO_NEIGHBOR_ROOM	0	0			FALSE	FALSE	FALSE	FALSE	FALSE
C_gar_LG28	C_gar_LG28_d17L2_b0109	C_gar_LG28_d17L1_0010	345	3571	16567860	1.73065069151518	5	5	0.65	0.45	0.514692834514955	0.860932142758692	14	1	20	20	DECAYS		-0.059943824009817					-1.73065069151518																	0.263114540827413	0.476340343023246	0.749232006973353		0.749232006973353	216	0.749232006973353	FAKE	-0.217315328850062	0.247543412827151	STABLE_BLUE	HOMOG_PASS	2	3	0.499751952072275	-0.428261054673772	TRUE	FALSE	FALSE	FALSE	FALSE
C_gar_LG28	C_gar_LG28_d17L2_b0110	C_gar_LG28_d17L1_0010	393	3619	16700064	0.926025940217438	5	5	0.35	0.35	0.905001630407141	0.884486469943159	1	1	20	20	DECAYS		0.117265175872106					-0.926025940217438																	0.294546331248507	0.487716219073256	0.645842489684843		0.645842489684843	216	0.645842489684843	FAKE	-0.217315328850062	0.247543412827151	DECAYS	NO_NEIGHBOR_ROOM	0	0			FALSE	FALSE	FALSE	FALSE	FALSE
C_gar_LG28	C_gar_LG28_d17L2_b0111	C_gar_LG28_d17L1_0010	401	3627	16736502	0.651293822568732	5	5	1	0.9	-0.248969613715516	0.803622476810947		16	20	20	MARGINAL		-0.0862280340993845					-0.651293822568732																	0.291917228009258	0.481271980492757	0.637539519298095		0.637539519298095	216	0.637539519298095	FAKE	-0.217315328850062	0.247543412827151	DECAYS	NO_NEIGHBOR_ROOM	0	0			FALSE	FALSE	FALSE	FALSE	FALSE
C_gar_LG28	C_gar_LG28_d17L2_b0112	C_gar_LG28_d17L1_0010	428	3654	16962508	1.63503464517272	5	5	0.6	0.15	0.810306734417903	0.997566529971522	13	3	20	20	DECAYS		0.243176355211969					-1.63503464517272																	0.337521712190349	0.45498465380328	0.569058032538471		0.569058032538471	216	0.569058032538471	FAKE	-0.217315328850062	0.247543412827151	DECAYS	NO_NEIGHBOR_ROOM	0	0			FALSE	FALSE	FALSE	FALSE	FALSE
C_gar_LG28	C_gar_LG28_d17L2_b0113	C_gar_LG28_d17L1_0010	435	3661	16979462	1.7460672710007	5	5	0.8	0.75	0.624301316078968	0.931718460386351	3	2	20	20	DECAYS		0.278437944701452					-1.7460672710007																	0.338593154411965	0.420026713566982	0.556905558542265	0.607214252138396	0.607214252138396	432	0.607214252138396	FAKE	-0.217315328850062	0.247543412827151	DECAYS	NO_NEIGHBOR_ROOM	0	0			FALSE	FALSE	FALSE	FALSE	FALSE
C_gar_LG28	C_gar_LG28_d17L2_b0114	C_gar_LG28_d17L1_0010	459	3685	17045820	0.922821203636083	5	5	0.6	0.25	0.890367511521903	0.998471078243042	11	4	20	20	DECAYS		0.0576667019747551					-0.922821203636083																	0.0274800808801183	0.284467266050581	0.483678206401424	0.414166410744399	0.483678206401424	432	0.414166410744399	FAKE	-0.217315328850062	0.247543412827151	DECAYS	NO_NEIGHBOR_ROOM	0	0			FALSE	FALSE	FALSE	FALSE	FALSE
C_gar_LG28	C_gar_LG28_d17L2_b0115	C_gar_LG28_d17L1_0010	469	3695	17072246	1.88222292281295	5	5	0.65	0.5	0.906355418879638	0.960302585703188	14	5	20	20	DECAYS		0.0817480731781368					-1.88222292281295																	0.149433159313099	0.293234943125405	0.421564435956701	0.331849657975074	0.421564435956701	432	0.331849657975074	FAKE	-0.217315328850062	0.247543412827151	DECAYS	NO_NEIGHBOR_ROOM	0	0			FALSE	FALSE	FALSE	FALSE	FALSE
C_gar_LG28	C_gar_LG28_d17L2_b0116	C_gar_LG28_d17L1_0010	480	3706	17109932	1.91613439492543	5	5	0.9	0.7	0.425099663146021	0.8119240279124		4	20	20	DECAYS		-0.127226105624872					-1.91613439492543																	0.075498244340804	0.128910339790826	0.3788529870933	0.216922637558603	0.3788529870933	432	0.216922637558603	FAKE	-0.217315328850062	0.247543412827151	DECAYS	NO_NEIGHBOR_ROOM	0	0			FALSE	FALSE	FALSE	FALSE	FALSE
C_gar_LG28	C_gar_LG28_d17L2_b0117	C_gar_LG28_d17L1_0010	499	3725	17190765	0.740956996454682	5	5	0.7	0.7	0.856708410283325	0.883735891280228	12	1	20	20	DECAYS		0.0308191326891758					-0.740956996454682																	0.00961545485279587	-0.0305442497334029	0.29072565059195	0.0197285452841043	0.29072565059195	432	0.0197285452841043	FAKE	-0.217315328850062	0.247543412827151	DECAYS	NO_NEIGHBOR_ROOM	0	0			FALSE	FALSE	FALSE	FALSE	FALSE
C_gar_LG28	C_gar_LG28_d17L2_b0118	C_gar_LG28_d17L1_0010	514	3740	17242217	1.62866882232257	5	5	0.75	0.55	0.806540233275601	0.883627470832197	16	1	20	20	DECAYS		-0.0821863540305559					-1.62866882232257																	0.103670713518374	-0.141487227141457	0.234053763287701	-0.120435645215028	0.234053763287701	432	-0.120435645215028	MARGINAL	-0.217315328850062	0.247543412827151	MARGINAL	NO_NEIGHBOR_ROOM	0	0			FALSE	FALSE	FALSE	FALSE	FALSE
C_gar_LG28	C_gar_LG28_d17L2_b0119	C_gar_LG28_d17L1_0010	515	3741	17243701	1.62866882232257	5	5	0.55	0.3	0.603508681030853	0.898208352544154	20	5	20	20	DECAYS		-0.0594368651003656					-1.62866882232257																	0.125146403340116	-0.136998396123067	0.230963975201334	-0.129498804053733	0.230963975201334	432	-0.129498804053733	MARGINAL	-0.217315328850062	0.247543412827151	MARGINAL	NO_NEIGHBOR_ROOM	0	0			FALSE	FALSE	FALSE	FALSE	FALSE
C_gar_LG28	C_gar_LG28_d17L2_b0120	C_gar_LG28_d17L1_0010	525	3751	17276208	2.0329055868072	5	5	0.85	0.6	0.447275163971982	0.994317773309733		2	20	20	DECAYS		-0.487152945155967					-2.0329055868072																	0.0321508976186116	-0.1824760132128	0.181058030522481	-0.224969189304784	0.181058030522481	432	-0.224969189304784	MARGINAL	-0.217315328850062	0.247543412827151	MARGINAL	NO_NEIGHBOR_ROOM	0	0			FALSE	FALSE	FALSE	FALSE	FALSE
C_gar_LG28	C_gar_LG28_d17L2_b0121	C_gar_LG28_d17L1_0010	539	3765	17322967	1.15561244042771	5	5	0.8	0.3	0.554407524418299	0.66756561937524	16	2	20	20	DECAYS		-0.327557536401952					-1.15561244042771																	-0.0158063726850292	-0.189352636672439	0.0854371089007287	-0.30194584827427	0.0854371089007287	432	-0.30194584827427	MARGINAL	-0.217315328850062	0.247543412827151	MARGINAL	NO_NEIGHBOR_ROOM	0	0			FALSE	FALSE	FALSE	FALSE	FALSE
C_gar_LG28	C_gar_LG28_d17L2_b0122	C_gar_LG28_d17L1_0010	548	3774	17353045	0.560894774106222	5	5	0.3	0.35	0.807742670746178	1.00179914874956	2	1	20	20	DECAYS		0.22751629224953					-0.560894774106222																	-0.127858848435244	-0.182987278642665	0.0466084606577137	-0.348442713881949	0.22751629224953	432	-0.348442713881949	MARGINAL	-0.217315328850062	0.247543412827151	MARGINAL	NO_NEIGHBOR_ROOM	0	0			FALSE	FALSE	FALSE	FALSE	FALSE
C_gar_LG28	C_gar_LG28_d17L2_b0123	C_gar_LG28_d17L1_0010	570	3796	17419617	0.684586524587529	5	5	0.65	0.2	0.799104031869114	0.945635207124932	1	1	20	20	DECAYS		-0.538535949729612					-0.684586524587529																	-0.441893019378549	-0.201671524188626	-0.13142502940506	-0.488548727769299	-0.13142502940506	432	-0.488548727769299	MARGINAL	-0.217315328850062	0.247543412827151	MARGINAL	NO_NEIGHBOR_ROOM	0	0			FALSE	FALSE	FALSE	FALSE	FALSE
C_gar_LG28	C_gar_LG28_d17L2_b0124	C_gar_LG28_d17L1_0010	582	3808	17456934	2.52569873634812	5	5	0.8	0.45	0.456279739055417	0.816983003940738		10	20	20	MARGINAL		-0.972136052600042					-2.52569873634812																	-0.447711620348664	-0.284179535477455	-0.242790549219707	-0.548278294020901	-0.242790549219707	432	-0.548278294020901	REAL	-0.217315328850062	0.247543412827151	STABLE_BLUE	NO_NEIGHBOR_ROOM	0	0			FALSE	FALSE	FALSE	FALSE	FALSE
C_gar_LG28	C_gar_LG28_d17L2_b0125	C_gar_LG28_d17L1_0010	633	3859	17613149	0.624536733685402	5	5	0.2	0.3	0.911490651620736	0.920265369597094	1	9	20	20	DECAYS		0.343947990053805					-0.624536733685402																	0.351074870295923	0.0997939414875525	-0.762909099087411	-0.639402684398923	0.351074870295923	432	-0.639402684398923	FAKE	-0.217315328850062	0.247543412827151	DECAYS	HOMOG_FAIL	1	3	0.611983727646638	-0.103186948327816	FALSE	FALSE	FALSE	FALSE	FALSE
C_gar_LG28	C_gar_LG28_d17L2_b0126	C_gar_LG28_d17L1_0010	673	3899	17741646	0.829155045367472	5	5	0.6	0	0.742595668701348	0.949375626892231	3	1	20	20	DECAYS		-0.192647635107061					-0.829155045367472																	0.115527558681762	-0.200402166854329	-1.27957692194386		0.115527558681762	216	-1.27957692194386	MARGINAL	-0.217315328850062	0.247543412827151	MARGINAL	NO_NEIGHBOR_ROOM	0	0			FALSE	FALSE	FALSE	FALSE	FALSE
C_gar_LG28	C_gar_LG28_d17L2_b0127	C_gar_LG28_d17L1_0010	689	3915	17822916	1.18795922584591	5	5	0.4	0.65	0.877863500831275	0.95207524851288	2	4	20	20	DECAYS		-0.101672017910802					-1.18795922584591																	0.164889383318123	-0.721574924907737	-1.3426768945426		0.164889383318123	216	-1.3426768945426	MARGINAL	-0.217315328850062	0.247543412827151	MARGINAL	NO_NEIGHBOR_ROOM	0	0			FALSE	FALSE	FALSE	FALSE	FALSE
C_gar_LG28	C_gar_LG28_d17L2_b0128	C_gar_LG28_d17L1_0010	698	3924	17848043	1.81387141978535	5	5	0.75	0.85	0.93670161802779	0.97901944890311	1	1	20	20	DECAYS		0.309396238574815					-1.81387141978535																	0.0531670239793367	-1.39338848506091	-1.3488401492434		0.309396238574815	216	-1.3488401492434	FAKE	-0.217315328850062	0.247543412827151	DECAYS	NO_NEIGHBOR_ROOM	0	0			FALSE	FALSE	FALSE	FALSE	FALSE
C_gar_LG28	C_gar_LG28_d17L2_b0129	C_gar_LG28_d17L1_0010	725	3951	17924917	1.17306782739822	5	5	0.8	0.25	0.727473827767633	0.911633064186656	2	2	20	20	DECAYS		-0.647695933952298					-1.17306782739822																	-2.30141190732802	-2.08515985233751	-1.4296481594647		-0.647695933952298	216	-1.4296481594647	REAL	-0.217315328850062	0.247543412827151	STABLE_BLUE	NO_NEIGHBOR_ROOM	0	0			FALSE	FALSE	FALSE	FALSE	FALSE
C_gar_LG28	C_gar_LG28_d17L2_b0130	C_gar_LG28_d17L1_0010	744	3970	18265743	6.47141760776575	5	5	0.9	0.8	0.424477308584076	0.371282298488634			20	20	STABLE_BLUE		-4.69243354085077					-6.47141760776575																	-3.22107012734085	-2.2769886708998	-1.50206854241834		-1.50206854241834	216	-1.50206854241834	REAL	-0.217315328850062	0.247543412827151	STABLE_BLUE	NO_NEIGHBOR_ROOM	0	0			FALSE	FALSE	FALSE	FALSE	FALSE
C_gar_LG28	C_gar_LG28_d17L2_b0131	C_gar_LG28_d17L1_0010	781	4007	18499817	0.781584441137989	5	5	0.25	0	0.882853616908181	1.02537290911452	1	3	20	20	DECAYS		0.510703195571844					-0.781584441137989																	-0.223512776372168	-1.72796179142849	-1.17826626839803		0.510703195571844	216	-1.17826626839803	FAKE	-0.217315328850062	0.247543412827151	DECAYS	NO_NEIGHBOR_ROOM	0	0			FALSE	FALSE	FALSE	FALSE	FALSE
C_gar_LG28	C_gar_LG28_d17L2_b0132	C_gar_LG28_d17L1_0010	782	4008	18514193	0.781584441137989	5	5	0.3	0	0.908320203819773	1.03186128353907	1	1	20	20	DECAYS		0.537659061789828					-0.781584441137989																	-0.160056244456607	-1.71246931393423	-1.16961285911515		0.537659061789828	216	-1.16961285911515	FAKE	-0.217315328850062	0.247543412827151	DECAYS	NO_NEIGHBOR_ROOM	0	0			FALSE	FALSE	FALSE	FALSE	FALSE
C_gar_LG28	C_gar_LG28_d17L2_b0133	C_gar_LG28_d17L1_0010	790	4016	18535470	0.947499981701423	5	5	1	0.95	-0.426708235587735	0.503454786398493		3	20	20	DECAYS		0.394173013614607					-0.947499981701423																	0.0584701617420789	-1.57126149939906	-1.08821345133949		0.394173013614607	216	-1.08821345133949	FAKE	-0.217315328850062	0.247543412827151	DECAYS	NO_NEIGHBOR_ROOM	0	0			FALSE	FALSE	FALSE	FALSE	FALSE
C_gar_LG28	C_gar_LG28_d17L2_b0134	C_gar_LG28_d17L1_0010	791	4017	18540856	0.947499981701423	5	5	0	0.25	0.840619324051797	0.435351175943103	1		20	20	DECAYS		0.35179734375195					-0.947499981701423																	0.07599583521068	-1.55468750524713	-1.07330183948869		0.35179734375195	216	-1.07330183948869	FAKE	-0.217315328850062	0.247543412827151	DECAYS	NO_NEIGHBOR_ROOM	0	0			FALSE	FALSE	FALSE	FALSE	FALSE
